"Sepal.Length","Sepal.Width","Petal.Length","Petal.Width","Species"
5.1,3.3,1.7,0.5,Iris-setosa
4.4,3.2,1.3,0.2,Iris-setosa
5.4,3.4,1.7,0.2,Iris-setosa
5.1,3.8,1.5,0.3,Iris-setosa
4.9,3,1.4,0.2,Iris-setosa
5.1,3.8,1.6,0.2,Iris-setosa
5.1,3.7,1.5,0.4,Iris-setosa
5.8,4,1.2,0.2,Iris-setosa
5,3.6,1.4,0.2,Iris-setosa
5,3.2,1.2,0.2,Iris-setosa
5.8,2.7,4.1,1,Iris-versicolor
5.6,2.7,4.2,1.3,Iris-versicolor
5.6,2.5,3.9,1.1,Iris-versicolor
5.7,2.6,3.5,1,Iris-versicolor
6.1,2.8,4,1.3,Iris-versicolor
6.7,3,5,1.7,Iris-versicolor
5.8,2.7,3.9,1.2,Iris-versicolor
6.6,2.9,4.6,1.3,Iris-versicolor
4.9,2.4,3.3,1,Iris-versicolor
6.7,3.1,4.7,1.5,Iris-versicolor
6.3,3.4,5.6,2.4,Iris-virginica
6.4,3.1,5.5,1.8,Iris-virginica
6.3,2.7,4.9,1.8,Iris-virginica
7.2,3.6,6.1,2.5,Iris-virginica
5.8,2.7,5.1,1.9,Iris-virginica
6.8,3,5.5,2.1,Iris-virginica
7.9,3.8,6.4,2,Iris-virginica
6.9,3.1,5.1,2.3,Iris-virginica
6.4,2.7,5.3,1.9,Iris-virginica
6.9,3.1,5.4,2.1,Iris-virginica

